winery,region,country
Cape Vineyards (Pty) Ltd,Breede River Valley Goudini  ,South Africa
Ambeloui Wine Cellar ,Constantia,South Africa
Buitenverwachting ,Constantia,South Africa
Constantia Uitsig,Constantia,South Africa
Eagle's Nest,Constantia,South Africa
Groot Constantia Estate ,Constantia,South Africa
High Constantia ,Constantia,South Africa
Klein Constantia Estate,Constantia,South Africa
Steenberg Vineyards,Constantia,South Africa
Cape Point Vineyards,Constantia Cape Point  ,South Africa
Douglas Green ,Douglas  ,South Africa
Douglas Wine Cellars,Douglas  ,South Africa
Altydgedacht Estate ,Durbanville,South Africa
Bloemendal Estate,Durbanville,South Africa
D'Aria,Durbanville,South Africa
De Grendel,Durbanville,South Africa
De Vallei,Durbanville,South Africa
Diemersdal Estate ,Durbanville,South Africa
Durbanville Hiills,Durbanville,South Africa
Durbanville Hills,Durbanville,South Africa
Hilcrest,Durbanville,South Africa
Klein Roosboom,Durbanville,South Africa
Meerendal,Durbanville,South Africa
Nitida Cellars,Durbanville,South Africa
Phizantekraal,Durbanville,South Africa
Barton Vineyards,Elgin Walker Bay,South Africa
Beaumont Wines,Elgin Walker Bay,South Africa
Bouchard Finlayson,Elgin Walker Bay,South Africa
Hermanuspietersfontein Wingerde (Edms.) Bpk.,Elgin Walker Bay,South Africa
Paul Cluver Estate Wines,Elgin Walker Bay,South Africa
Whalehaven Wines,Elgin Walker Bay,South Africa
Wildekrans Wines,Elgin Walker Bay,South Africa
Andrew Jonker Wines ,Klein Karoo,South Africa
Axe Hill,Klein Karoo,South Africa
Barrydale Winery ,Klein Karoo,South Africa
Bloupunt Estate,Klein Karoo,South Africa
Boplaas Winery ,Klein Karoo,South Africa
Calitzdorp Winery ,Klein Karoo,South Africa
Die Krans ,Klein Karoo,South Africa
Die Poort Winery ,Klein Karoo,South Africa
Doornkraal ,Klein Karoo,South Africa
Grundheim Winery ,Klein Karoo,South Africa
Joubert Tradouw ,Klein Karoo,South Africa
Kango Wines,Klein Karoo,South Africa
Ladismith Winery ,Klein Karoo,South Africa
Mons Ruber Estate ,Klein Karoo,South Africa
Montagu Winery ,Klein Karoo,South Africa
Rietrivier Winery ,Klein Karoo,South Africa
Uitvlucht Winery ,Klein Karoo,South Africa
Withoek Estate ,Klein Karoo,South Africa
Cederberg,Olifants River  ,South Africa
Citrusdal Cellars , Olifants River  ,South Africa
Goue Vallei Wines, Olifants River  ,South Africa
Klawer Wine Cellar , Olifants River  ,South Africa
Spruitdrift Wine Cellar , Olifants River  ,South Africa
Stoumanns Private Cellar , Olifants River  ,South Africa
Travino Wines , Olifants River  ,South Africa
Vredendal Winery, Olifants River  ,South Africa
Westcorp International , Olifants River  ,South Africa
Lutzville Vineyards Ltd,Olifants River Lutzville,South Africa
Oranjerivier Wine Cellars,Orange River,South Africa
Bartho Eksteen Wines ,Overberg,South Africa
Cape Bay Wines ,Overberg,South Africa
Cape Wine Exports ,Overberg,South Africa
Goedvertrouw Estate ,Overberg,South Africa
Hamilton Russell Vineyards ,Overberg,South Africa
Iona Vineyards ,Overberg,South Africa
Misty Mountains Estate,Overberg,South Africa
Newton-Johnson ,Overberg,South Africa
Southern Right ,Overberg,South Africa
Sumaridge Estate Wine,Overberg,South Africa
Thandi Wines ,Overberg,South Africa
African Terroir ,Paarl  ,South Africa
Anura Vineyards ,Paarl  ,South Africa
Ashanti ,Paarl  ,South Africa
Avondale Terra Est Vida,Paarl  ,South Africa
Avondvrede  ,Paarl  ,South Africa
Backsberg Estate,Paarl  ,South Africa
Bernheim Winery,Paarl  ,South Africa
Bodega Estate ,Paarl  ,South Africa
Boland Kelder Vineyards,Paarl  ,South Africa
Brenthurst Winery ,Paarl  ,South Africa
Cameradi Wines ,Paarl  ,South Africa
Cape Chamonix Wine Farm (Pty) Ltd,Paarl  ,South Africa
Cathedral Cellar ,Paarl  ,South Africa
Coastline,Paarl  ,South Africa
Coleraine Wines ,Paarl  ,South Africa
David Frost Wines,Paarl  ,South Africa
De Villiers Wines ,Paarl  ,South Africa
De Zoete Inval Estate,Paarl  ,South Africa
Diamant ,Paarl  ,South Africa
Diemersfontein,Paarl  ,South Africa
Domaine Brahms ,Paarl  ,South Africa
Drakensig Wine Cellars,Paarl  ,South Africa
Eaglevlei Wines,Paarl  ,South Africa
Fair Valley ,Paarl  ,South Africa
Fairview / Charles Back,Paarl  ,South Africa
Glen Carlou,Paarl  ,South Africa
Hoopenburg Wines,Paarl  ,South Africa
Horse Mountain Wines,Paarl  ,South Africa
Juno Wine Company,Paarl  ,South Africa
Kleine Draken ,Paarl  ,South Africa
Kleinvallei Winery ,Paarl  ,South Africa
Klompzicht ,Paarl  ,South Africa
Koelenhof Wine Cellar ,Paarl  ,South Africa
KWV International,Paarl  ,South Africa
Laborie Estate,Paarl  ,South Africa
Landskroon Wines,Paarl  ,South Africa
Leidersburg Wine Farm ,Paarl  ,South Africa
Mellasat Vineyard,Paarl  ,South Africa
Mijn-Burg Cellar ,Paarl  ,South Africa
Monis Wines ,Paarl  ,South Africa
Mont Destin,Paarl  ,South Africa
Nederburg Wines,Paarl  ,South Africa
Nelsons Creek ,Paarl  ,South Africa
Niel Joubert Wines ,Paarl  ,South Africa
Onverwacht Estate ,Paarl  ,South Africa
Paarl Rock Brandy Cellar ,Paarl  ,South Africa
Paarl Wine Company ,Paarl  ,South Africa
Pearly Bay,Paarl  ,South Africa
Perdeberg Winery,Paarl  ,South Africa
Perold ,Paarl  ,South Africa
R and De R Fredericksburg,Paarl  ,South Africa
Rhebokskloof Estate,Paarl  ,South Africa
Ridgeback Wines ,Paarl  ,South Africa
Robert's Rock,Paarl  ,South Africa
Roodeberg ,Paarl  ,South Africa
Ruitersvlei Wine Estate,Paarl  ,South Africa
Savanha ,Paarl  ,South Africa
Scali ,Paarl  ,South Africa
Seidelberg Wine Estate,Paarl  ,South Africa
Signal Hill ,Paarl  ,South Africa
Silver Lining ,Paarl  ,South Africa
Simonsvlei International,Paarl  ,South Africa
Sonop Winery,Paarl  ,South Africa
Veenwouden Private Cellar ,Paarl  ,South Africa
Vendome Wine Estate,Paarl  ,South Africa
Villiera Wines,Paarl  ,South Africa
Vineris GmbH,Paarl  ,South Africa
Vondeling Wines,Paarl  ,South Africa
Welgemeend Estate,Paarl  ,South Africa
West Coast Vineyards ,Paarl  ,South Africa
Windmeul Winery ,Paarl  ,South Africa
Zanddrift Vineyards ,Paarl  ,South Africa
Agusta Wines,Paarl Franschhoek  ,South Africa
Bovlei,Paarl Wellington,South Africa
Cape Wine Cellars ,Paarl Wellington,South Africa
Claridge Wines ,Paarl Wellington,South Africa
Doolhof Wine Farm ,Paarl Wellington,South Africa
Hildenbrand Estate Wine,Paarl Wellington,South Africa
Huguenot Wine Farmers ,Paarl Wellington,South Africa
Jacaranda Wine Estate ,Paarl Wellington,South Africa
Linton Park Wines,Paarl Wellington,South Africa
Maze Valley Wines ,Paarl Wellington,South Africa
Mischa Estate ,Paarl Wellington,South Africa
Mont Du Toit ,Paarl Wellington,South Africa
Napier Winery ,Paarl Wellington,South Africa
Siyabonga ,Paarl Wellington,South Africa
Stormberg ,Paarl Wellington,South Africa
Upland Organic Estate,Paarl Wellington,South Africa
Wamakersvallei,Paarl Wellington,South Africa
Welgegund Wines ,Paarl Wellington,South Africa
Wellington Wine Cellar ,Paarl Wellington,South Africa
Welvanpas ,Paarl Wellington,South Africa
Agterkliphoogte Wine Cellar ,Robertson,South Africa
Ashton Winery,Robertson,South Africa
Azania Wines ,Robertson,South Africa
Bon Courage Estate ,Robertson,South Africa
Bonnievale,Robertson,South Africa
Clairvaux Private Cellar ,Robertson,South Africa
Danie De Wet ,Robertson,South Africa
De Wetshof Estate,Robertson,South Africa
Die Vlakte ,Robertson,South Africa
Excelsior Vlakteplaas ,Robertson,South Africa
Fraai Uitzicht 1798 ,Robertson,South Africa
Goedverwacht Estate ,Robertson,South Africa
Graham Beck Wines,Robertson,South Africa
Janéza ,Robertson,South Africa
Jonkheer,Robertson,South Africa
Kranskop ,Robertson,South Africa
Langeberg Wineries ,Robertson,South Africa
Langverwacht Wine Cellar ,Robertson,South Africa
Le Grand Chasseur Estate,Robertson,South Africa
Mcgregor Winery ,Robertson,South Africa
Merwespont Cellar ,Robertson,South Africa
Mon Don Estate ,Robertson,South Africa
Mont Blois Estate ,Robertson,South Africa
Mooiuitsig ,Robertson,South Africa
Nordale,Robertson,South Africa
Quando ,Robertson,South Africa
Rietvallei Wine Estate,Robertson,South Africa
Robertson Winery,Robertson,South Africa
Roodezandt Winery,Robertson,South Africa
Rooiberg Winery,Robertson,South Africa
Sinnya Valley ,Robertson,South Africa
Springfield Estate,Robertson,South Africa
Van Loveren,Robertson,South Africa
Van Zylshof Estate ,Robertson,South Africa
Viljoensdrift,Robertson,South Africa
Weltevrede Wine Estate,Robertson,South Africa
Wolwedrift Wine Estate ,Robertson,South Africa
Wonderfontein ,Robertson,South Africa
Zandvliet's,Robertson,South Africa
Bon Cap Private Organic Cellar ,Robertson Eilandia  ,South Africa
Adoro Wines,Stellenbosch,South Africa
African Sky Wines,Stellenbosch,South Africa
Alto Wines,Stellenbosch,South Africa
Amani Wines,Stellenbosch,South Africa
Annandale Wines ,Stellenbosch,South Africa
Asara,Stellenbosch,South Africa
Assegai ,Stellenbosch,South Africa
Audacia,Stellenbosch,South Africa
Baarsma South Africa Pty Ltd ,Stellenbosch,South Africa
Barefoot Wine,Stellenbosch,South Africa
Bellevue Estates,Stellenbosch,South Africa
Bergkelder Winery,Stellenbosch,South Africa
Beyerskloof Wines,Stellenbosch,South Africa
Bilton Wines ,Stellenbosch,South Africa
Blaauwklippen Estates,Stellenbosch,South Africa
Blue Creek Wines ,Stellenbosch,South Africa
Bonfoi Wine Estate ,Stellenbosch,South Africa
Boschkloof Wines ,Stellenbosch,South Africa
Bottelary,Stellenbosch,South Africa
Bouwland Estate ,Stellenbosch,South Africa
Bowe Joubert Vineyards and Winery ,Stellenbosch,South Africa
Bradgate Winery,Stellenbosch,South Africa
Camberley,Stellenbosch,South Africa
Cape Indaba Wines,Stellenbosch,South Africa
Carisbrooke ,Stellenbosch,South Africa
Chapmans Peak,Stellenbosch,South Africa
Climar,Stellenbosch,South Africa
Clos Malverne,Stellenbosch,South Africa
Clovelly Wines ,Stellenbosch,South Africa
Coppoolse and Finlayson ,Stellenbosch,South Africa
De Meye Wines ,Stellenbosch,South Africa
De Trafford Wines ,Stellenbosch,South Africa
Delaire Winery,Stellenbosch,South Africa
Delheim Cellar,Stellenbosch,South Africa
Devon Hill,Stellenbosch,South Africa
Devonair ,Stellenbosch,South Africa
Dewaal,Stellenbosch,South Africa
Distell Group Limited,Stellenbosch,South Africa
Domaines Paradyskloof ,Stellenbosch,South Africa
Eersterivier Winery,Stellenbosch,South Africa
Ernie Els Wines,Stellenbosch,South Africa
Flagstone Winery,Stellenbosch,South Africa
Fleur Du Cap,Stellenbosch,South Africa
Fort Simon Wine Estate,Stellenbosch,South Africa
Goede Hoop,Stellenbosch,South Africa
Graça ,Stellenbosch,South Africa
Graceland Vineyards,Stellenbosch,South Africa
Grunberger ,Stellenbosch,South Africa
Hartenberg Estate,Stellenbosch,South Africa
Hazendal Estate,Stellenbosch,South Africa
Helderkruin Wine Cellar ,Stellenbosch,South Africa
Hidden Valley Wines ,Stellenbosch,South Africa
Home Of Origin Wine,Stellenbosch,South Africa
Jacobsdal,Stellenbosch,South Africa
JC Le Roux,Stellenbosch,South Africa
Joostenberg,Stellenbosch,South Africa
Jordan Winery,Stellenbosch,South Africa
Kaapzicht,Stellenbosch,South Africa
Kanonkop Estate,Stellenbosch,South Africa
Kanu Wines,Stellenbosch,South Africa
Klawervlei Wine Estate,Stellenbosch,South Africa
Klein Dasbosch ,Stellenbosch,South Africa
Klein Gustrouw Estate ,Stellenbosch,South Africa
Kleindal ,Stellenbosch,South Africa
Kleine Zalze,Stellenbosch,South Africa
Knorhoek Wines,Stellenbosch,South Africa
Koos Smuts,Stellenbosch,South Africa
Kronendal Wines,Stellenbosch,South Africa
Kumala South African Wines,Stellenbosch,South Africa
L Emigre Wines ,Stellenbosch,South Africa
L'Avenir wine,Stellenbosch,South Africa
Laibach Vineyards,Stellenbosch,South Africa
Lanzerac Wines,Stellenbosch,South Africa
Le Bonheur,Stellenbosch,South Africa
Le Riche Wines ,Stellenbosch,South Africa
Lievland Estate,Stellenbosch,South Africa
Long Mountain Wine Company,Stellenbosch,South Africa
Louiesenhof,Stellenbosch,South Africa
Louisvale Wines ,Stellenbosch,South Africa
Meinert Wines ,Stellenbosch,South Africa
Middelvlei,Stellenbosch,South Africa
Monterosso ,Stellenbosch,South Africa
Mooiplaas Estate ,Stellenbosch,South Africa
Morgenhof Wine,Stellenbosch,South Africa
Morgenzon,Stellenbosch,South Africa
Mulderbosch Vineyards,Stellenbosch,South Africa
Muratie Wine Estate,Stellenbosch,South Africa
Neethlingshof Estate,Stellenbosch,South Africa
Neil Ellis,Stellenbosch,South Africa
Overgaauw,Stellenbosch,South Africa
Raats Family Wines ,Stellenbosch,South Africa
Remhoogte Wine Estate ,Stellenbosch,South Africa
Reyneke Wines,Stellenbosch,South Africa
Rider's Drift Wines,Stellenbosch,South Africa
Rozendal Farm ,Stellenbosch,South Africa
Rudera Wines (pty) Ltd. ,Stellenbosch,South Africa
Rust en Vrede Estate,Stellenbosch,South Africa
Rustenberg Wines,Stellenbosch,South Africa
Savisa,Stellenbosch,South Africa
Saxenburg,Stellenbosch,South Africa
Simonsig,Stellenbosch,South Africa
Spier Cellars,Stellenbosch,South Africa
Starke Wines ,Stellenbosch,South Africa
Stellekaya ,Stellenbosch,South Africa
Stellenbosch Farmers Winery,Stellenbosch,South Africa
Stellenbosch Hills,Stellenbosch,South Africa
Stellenryck ,Stellenbosch,South Africa
Stellenzicht,Stellenbosch,South Africa
Sylvan Vale,Stellenbosch,South Africa
Thelema Mountain Vineyards,Stellenbosch,South Africa
Tokara ,Stellenbosch,South Africa
Uiterwyk Wine Estate,Stellenbosch,South Africa
Uitkyk Estate,Stellenbosch,South Africa
Uva Mira Vineyards ,Stellenbosch,South Africa
Verdun Estate,Stellenbosch,South Africa
Vinimark,Stellenbosch,South Africa
Vinum Africa,Stellenbosch,South Africa
Vlottenburg,Stellenbosch,South Africa
Vredenheim Wines,Stellenbosch,South Africa
Vriesenhof,Stellenbosch,South Africa
Warwick Wine Estate,Stellenbosch,South Africa
Waterford Estate,Stellenbosch,South Africa
Wel D Mer ,Stellenbosch,South Africa
Welmoed,Stellenbosch,South Africa
Zevenwacht Wine Estate,Stellenbosch,South Africa
Zonnebloem,Stellenbosch,South Africa
Akkerdal Estate ,Stellenbosch Franschhoek  ,South Africa
Arniston Bay,Stellenbosch Franschhoek  ,South Africa
Ashwood Wines,Stellenbosch Franschhoek  ,South Africa
Bellingham,Stellenbosch Franschhoek  ,South Africa
Blueberry Hill ,Stellenbosch Franschhoek  ,South Africa
Boekenhoutskloof ,Stellenbosch Franschhoek  ,South Africa
Boschendal,Stellenbosch Franschhoek  ,South Africa
Cabriere Estate,Stellenbosch Franschhoek  ,South Africa
Dieu Donne  ,Stellenbosch Franschhoek  ,South Africa
Eikehof ,Stellenbosch Franschhoek  ,South Africa
Elephant Pass Vineyards ,Stellenbosch Franschhoek  ,South Africa
Glenwood ,Stellenbosch Franschhoek  ,South Africa
Haute Provence ,Stellenbosch Franschhoek  ,South Africa
Jean Daneel Wines ,Stellenbosch Franschhoek  ,South Africa
L Ormarins Estate,Stellenbosch Franschhoek  ,South Africa
La Bourgogne ,Stellenbosch Franschhoek  ,South Africa
La Bri,Stellenbosch Franschhoek  ,South Africa
La Couronne Wine Estate,Stellenbosch Franschhoek  ,South Africa
La Motte,Stellenbosch Franschhoek  ,South Africa
La Petite Ferme ,Stellenbosch Franschhoek  ,South Africa
La Provence & Haute Provence ,Stellenbosch Franschhoek  ,South Africa
Landau Du Val Wines ,Stellenbosch Franschhoek  ,South Africa
Mont Rochelle Mountain Vineyards,Stellenbosch Franschhoek  ,South Africa
Môreson Soleil du Matin,Stellenbosch Franschhoek  ,South Africa
Mouton - Excelsior  ,Stellenbosch Franschhoek  ,South Africa
Old Bridge Wines,Stellenbosch Franschhoek  ,South Africa
Plasir de Merle Winery,Stellenbosch Franschhoek  ,South Africa
Rickety Bridge Winery,Stellenbosch Franschhoek  ,South Africa
Rupert & Rothschild Vignerons,Stellenbosch Franschhoek  ,South Africa
Stony Brook ,Stellenbosch Franschhoek  ,South Africa
Tenfiftysix ,Stellenbosch Franschhoek  ,South Africa
Von Ortloff Wines ,Stellenbosch Franschhoek  ,South Africa
Avontuur Estate,Stellenbosch Helderberg,South Africa
Clos Du Ciel ,Stellenbosch Helderberg,South Africa
Cordoba ,Stellenbosch Helderberg,South Africa
De Helderberg Winery,Stellenbosch Helderberg,South Africa
Dellrust Wines ,Stellenbosch Helderberg,South Africa
Eikendal,Stellenbosch Helderberg,South Africa
Grangehurst Winery ,Stellenbosch Helderberg,South Africa
Ingwe Estate ,Stellenbosch Helderberg,South Africa
Jp Bredell Wines ,Stellenbosch Helderberg,South Africa
Ken Forrester Wines,Stellenbosch Helderberg,South Africa
L Auberge Du Paysan ,Stellenbosch Helderberg,South Africa
Longridge Winery ,Stellenbosch Helderberg,South Africa
Lushof Wine Estate ,Stellenbosch Helderberg,South Africa
Lyngrove,Stellenbosch Helderberg,South Africa
Meerlust Estate ,Stellenbosch Helderberg,South Africa
Morgenster Estate,Stellenbosch Helderberg,South Africa
Mount Rozier,Stellenbosch Helderberg,South Africa
Onderkloof Vines & Wines,Stellenbosch Helderberg,South Africa
Oudekloof ,Stellenbosch Helderberg,South Africa
Post House Wines ,Stellenbosch Helderberg,South Africa
Somerbosch,Stellenbosch Helderberg,South Africa
Stonewall ,Stellenbosch Helderberg,South Africa
TOPAZ WINE ,Stellenbosch Helderberg,South Africa
Vergelegen,Stellenbosch Helderberg,South Africa
Vergenoegd Wine Estate ,Stellenbosch Helderberg,South Africa
Yonder Hill ,Stellenbosch Helderberg,South Africa
De Toren Private Cellar,Stellenbosch Polkadraai Hills,South Africa
Slaley,Stellenbosch Simonsberg,South Africa
Allesverloren Estate,Swartland,South Africa
Cloof Estate,Swartland,South Africa
Darling Cellars ,Swartland,South Africa
Groote Post Vineyards,Swartland,South Africa
Kloovenburg Estate,Swartland,South Africa
Lammershoek Winery,Swartland,South Africa
Meerhof Wine Cellar,Swartland,South Africa
Porterville Co-op,Swartland,South Africa
Riebeek Cellars,Swartland,South Africa
Sadie Family,Swartland,South Africa
Swartland Wines,Swartland,South Africa
The Observatory,Swartland,South Africa
The Spice Route Winery,Swartland,South Africa
Tukulu Wines,Swartland,South Africa
Winkelshoek Wynkelders,Swartland,South Africa
Bianco Fine Red Wines ,Tulbagh,South Africa
Drostdy Hof Wines,Tulbagh,South Africa
George Austin,Tulbagh,South Africa
Kloofzicht Estate ,Tulbagh,South Africa
Lemberg Wine Estate ,Tulbagh,South Africa
Montpellier ,Tulbagh,South Africa
Paddagang Winery ,Tulbagh,South Africa
Rijk's Private Cellar,Tulbagh,South Africa
Theuniskraal Wine Estate,Tulbagh,South Africa
Tulbagh Mountain Vineyards,Tulbagh,South Africa
Tulbagh Wine Cellars,Tulbagh,South Africa
Twee Jonge Gezellen Estate ,Tulbagh,South Africa
Two Oceans Wines,Tulbagh,South Africa
Oude Wellington Wine and Brandy Est,Wellington,South Africa
Aan de Doorns Co-op,Worcester,South Africa
Badsberg Co-Op Winery ,Worcester,South Africa
Bergsig wines,Worcester,South Africa
Botha Wine Cellar ,Worcester,South Africa
Brandvlei Wine Cellar ,Worcester,South Africa
Breëvallei Wines ,Worcester,South Africa
De Doorns Wine Cellar ,Worcester,South Africa
De Wet Co-Op Wine Cellar ,Worcester,South Africa
Deetlefs Estate,Worcester,South Africa
Du Preez Estate ,Worcester,South Africa
Du Toitskloof Wine Cellar  ,Worcester,South Africa
Goudini Wines ,Worcester,South Africa
Groot Eiland Winery ,Worcester,South Africa
Lateganskop Wine Cellar ,Worcester,South Africa
Louwshoek Voorsorg Winery ,Worcester,South Africa
Merwida Wine Cellar ,Worcester,South Africa
Nuy Winery,Worcester,South Africa
Opstal Estate,Worcester,South Africa
Overhex Vineyards,Worcester,South Africa
Rockfields Wines ,Worcester,South Africa
Romansrivier Winery ,Worcester,South Africa
Stettyn Cellar ,Worcester,South Africa
Stonecross ,Worcester,South Africa
The House of Brandy ,Worcester,South Africa
Villiersdorp Co-Op Wine Cellar ,Worcester,South Africa
Waboomsrivier Co-Op ,Worcester,South Africa
Winds of Change ,Worcester,South Africa
Slanghoek Wines,Worcester Breedevalley,South Africa
Augusta,Franschhoek,South Africa
Burguny Bourgogne,Franschhoek,South Africa
Chamonix,Franschhoek,South Africa
Franschhoek,Franschhoek,South Africa
Grande Provence,Franschhoek,South Africa
L'Ormarins Winery,Franschhoek,South Africa
La Cotlog Inn,Franschhoek,South Africa
La Terra de Luc,Franschhoek,South Africa
Les Chenes,Franschhoek,South Africa
Solms-Delta Wine Estate,Franschhoek,South Africa
Stables Wine Estate,Kwazulu Natal,South Africa
Cowlin Wines,Paarl Wellington,South Africa
D.G.B.,Paarl Wellington,South Africa
Dawn Mountains Winery,Paarl Wellington,South Africa
Goed Moed,Paarl Wellington,South Africa
Klein Rhebokskloof,Paarl Wellington,South Africa
Kleinbosch Wines,Paarl Wellington,South Africa
Vrede en Lust,Paarl Wellington,South Africa
Ziggurat Winery,Paarl Wellington,South Africa
Anwilka,Stellenbosch,South Africa
Badenhorst,Swartland,South Africa
Mullineux,Swartland,South Africa
Kleinplasie Wine Cellar,Worcester,South Africa
Noordboland,Worcester,South Africa
5TH Avenue Cold Duck ,,South Africa
African Pride Wines,,South Africa
African Wines and Spirits  ,,South Africa
Afrivin ,,South Africa
Allee Bleue,,South Africa
Andreas Wine,,South Africa
Anthonij Rupert Wines,,South Africa
Arrabella Wines,,South Africa
Ataraxia Mountain Vineyards,,South Africa
Autumn Harvest ,,South Africa
Baobab Winery,,South Africa
Bay Export ,,South Africa
Bay View ,,South Africa
Bein Merlot,,South Africa
Bizoe Wines,,South Africa
Black Pearl Wines,,South Africa
Bosman Family Vineyards,,South Africa
Boutinot Wine Estates,,South Africa
Bundustar,,South Africa
Burgershof ,,South Africa
Capelands ,,South Africa
Chateau Libertas ,,South Africa
Cilmor Winery,,South Africa
Constantia Glen,,South Africa
Daschbosch ,,South Africa
De Franchi Wines ,,South Africa
De Hoopen ,,South Africa
De Morgenzon,,South Africa
Domaine Grier,,South Africa
Dombeya Wines,,South Africa
Dominion Wine Company,,South Africa
Dornier Wines ,,South Africa
Dragonnridge Winery,,South Africa
Druk My Niet Wine Estate,,South Africa
Dunstone Wines,,South Africa
Edonia ,,South Africa
Eilandia ,,South Africa
Excelscious Wines ,,South Africa
Gecko Ridge ,,South Africa
Gilga Wines ,,South Africa
Glenhurst Wine Farms (pty) Ltd ,,South Africa
Glenview ,,South Africa
Golden Kaan Limited,,South Africa
